train_loss,test_loss
0.001858970546722412,1.3090598103841147
0.0007724716007709503,0.487147270711263
0.0004144582390785217,0.2611888173421224
0.000313773849606514,0.21746528244018554
0.0002725503772497177,0.1991693422953288
