train_loss,test_loss
0.0006297450145085653,0.10517485504150391
0.00015131211330493292,0.062420891189575195
0.00011394081724186738,0.052205883407592774
9.113384342441956e-05,0.0481130578994751
8.096958709259828e-05,0.04331551265716553
