train_loss,test_loss
0.000603081086029609,0.11008315887451171
0.00010019096421698729,0.06467349433898925
6.382591876511773e-05,0.05099752197265625
4.8021620822449526e-05,0.044850080490112305
4.095591843749086e-05,0.039848182487487796
