train_loss,test_loss
0.0018053764343261718,1.4636057027180989
0.0006526708573102951,0.44321456400553383
0.00026469956189394,0.2558349751790365
0.0001949598655104637,0.22877002614339192
0.00016966701596975327,0.2094061159769694
