,insert,content,wikipedia,article,first,second,third
content,0.32192809488736207,0.0,0.32192809488736207,0.32192809488736207,0.7369655941662062,0.32192809488736235,0.0
first,0.7369655941662062,0.7369655941662062,0.0,0.0,0.0,0.0,0.0
wikipedia,0.32192809488736207,0.32192809488736207,0.0,0.32192809488736207,0.0,0.32192809488736235,0.7369655941662062
article,0.32192809488736207,0.32192809488736207,0.32192809488736207,0.0,0.0,0.32192809488736235,0.7369655941662062
second,0.32192809488736235,0.32192809488736235,0.32192809488736235,0.32192809488736235,0.0,0.0,0.0
third,0.0,0.0,0.7369655941662062,0.7369655941662062,0.0,0.0,0.0
insert,0.0,0.32192809488736207,0.32192809488736207,0.32192809488736207,0.7369655941662062,0.32192809488736235,0.0
