train_loss,test_loss,train_time,test_time
0.0031314082235485937,0.053519900894165036,12.873370170593262,1.8898019790649414
0.00121800560655732,0.0349305305480957,13.479331493377686,1.891648292541504
0.0008800716081090892,0.03365370082855225,13.303515434265137,1.8119730949401855
0.0007191643428493989,0.03334939165115357,13.193254232406616,1.8999156951904297
0.0006686225586696916,0.029581277084350585,13.10073184967041,1.8333656787872314
