train_loss,test_loss,train_time,test_time
0.0031416568973955386,0.05129043960571289,13.139026403427124,1.8098640441894531
