train_loss,test_loss,train_time,test_time
0.0031122125989058985,0.0526102668762207,20.47976326942444,2.6880617141723633
