train_loss,test_loss,train_time,test_time
0.0005619524096449216,0.25513563385009763,9.721008539199829,2.0101606845855713
0.00010857741398115953,0.1472821548461914,7.921163320541382,1.7578957080841064
7.404655156036218e-05,0.07411860580444336,8.404601335525513,1.7930407524108887
4.916908343633016e-05,0.05772002143859863,9.011619091033936,1.8475697040557861
3.8515838173528515e-05,0.08179253005981445,9.138623714447021,1.85188627243042
