epoch,train_loss,test_loss
1,0.0032286403107922522,0.056986398696899414
