train_loss,test_loss
0.0006297773907581965,0.10548631744384766
0.00015652588680386544,0.059287679290771486
0.00011539980048934619,0.051544101715087894
8.833786994218826e-05,0.04462469272613526
7.540628034621476e-05,0.052434672927856446
