train_loss,test_loss
0.0018578997135162353,1.2977505411783854
0.0008865439534187317,0.38020431823730466
0.00040578334033489227,0.24018189875284832
0.00028266754895448686,0.23738360087076824
0.00021609362661838532,0.18632476094563802
