train_loss,test_loss
0.0006293148785829544,0.10397445220947266
0.0001570045802742243,0.060780641174316405
0.00011483554306129615,0.050597998428344726
8.756336470444998e-05,0.043661865997314454
7.518168756117424e-05,0.04904736480712891
