train_loss,test_loss
0.0018053945183753967,1.4638123799641927
0.0007051156371831894,1.0401802775065103
0.00040893182307481763,0.2333575185139974
0.00020842367485165596,0.19305070266723634
0.00013821501731872557,0.19711861877441406
