train_loss,test_loss
0.0018051331520080567,1.4628584493001302
0.0007018636286258697,1.0460112762451172
0.00041579596400260924,0.23103633804321289
0.00021164330244064332,0.19678861719767252
0.0001383550427854061,0.18833667119344075
