train_loss,test_loss
0.0006029756190876166,0.12395894927978515
0.0001147923739006122,0.06332671165466308
6.938990006844203e-05,0.04742742576599121
5.360312148307761e-05,0.040534374618530274
3.650505999103189e-05,0.03841438217163086
