train_loss,test_loss
0.0006032410807907581,0.11003352584838867
0.00011603947604695956,0.06239884262084961
7.181427100052436e-05,0.04678352394104004
4.85674027663966e-05,0.04464020652770996
3.65862079585592e-05,0.03672883720397949
