train_loss,test_loss
0.0018573947787284852,1.3003526062011719
0.0008871134757995606,0.38416085866292315
0.00040470666885375977,0.24473090438842773
0.0002564087077975273,0.1830815419514974
0.00027979837507009504,0.17780626271565755
