train_loss,test_loss
0.0005331408967574438,0.21401952056884765
0.00012420427426695823,0.13613539199829103
8.901614944140116e-05,0.08837616271972656
7.281500585377217e-05,0.07357183799743652
6.433902022739251e-05,0.0649995304107666
