train_loss,test_loss,train_time,test_time
0.0005034149274230004,0.19854531860351562,7.872186660766602,1.8067755699157715
0.00011663441186149915,0.10857405166625976,8.573548555374146,1.8314142227172852
8.154895963768164e-05,0.08775689849853516,9.635440349578857,1.8101887702941895
6.889925089975198e-05,0.07418866844177247,9.672791957855225,1.1946632862091064
6.216680010159811e-05,0.0633809585571289,9.518730163574219,1.7616221904754639
