train_loss,test_loss
0.0018051504373550414,1.462991249593099
0.000652630952000618,0.4418343215942383
0.0002644893556833267,0.2558341143290202
0.0001949637681245804,0.22884433848063152
0.0001696577936410904,0.20945910301208495
