train_loss,test_loss
0.0004896219832201798,0.25756526489257814
8.542537838220597e-05,0.14567518997192383
5.572650494674842e-05,0.09269434585571289
4.405424433449904e-05,0.08218912582397461
3.750614443173011e-05,0.06700644187927246
