train_loss,test_loss
0.0018070457935333252,1.5074363647460938
0.0006606452971696854,0.4661645050048828
0.00026785735934972763,0.25538936055501305
0.00019499063342809676,0.22801446952819823
0.00016919258385896682,0.20876744893391927
