train_loss,test_loss
0.0005034263665477435,0.20036051025390625
0.00011665538127223651,0.1088640037536621
8.171589598059655e-05,0.08805802001953125
6.899118398626645e-05,0.07447549705505371
6.213168328007062e-05,0.06344668045043945
