train_loss,test_loss
0.0004862267846862475,0.20073692626953124
9.075885862112045e-05,0.11869494171142578
5.504242864747842e-05,0.09108108444213867
4.391369807223479e-05,0.07931758995056153
3.753074575215578e-05,0.06651729240417481
