train_loss,test_loss
0.0018090548038482666,1.3158553934733073
0.0007579048573970794,0.4046748156229655
0.00039347906410694124,0.2506449452718099
0.00030190843641757963,0.22112086588541666
0.00026904409080743787,0.20001592356363931
