train_loss,test_loss
0.0018579963803291321,1.2907607950846354
0.0007711517691612244,0.48037968190511066
0.0004146550327539444,0.26197357838948565
0.0003151419386267662,0.2182117037455241
0.00027356169521808624,0.19983172403971355
