train_loss,test_loss,train_time,test_time
0.0018933989524841308,1.302533585611979,1.9019267559051514,8.227421522140503
0.0007511034429073333,0.4452024088541667,1.8667232990264893,8.031991243362427
0.0003149590745568275,0.238696213277181,1.4553825855255127,9.556498765945435
0.00023084957003593446,0.1995174560546875,1.8226795196533203,9.626882791519165
0.0001913631871342659,0.18084570172627767,1.8530118465423584,8.409629821777344
