train_loss,test_loss,train_time,test_time
0.0020075236320495605,1.3879088216145834,1.839320182800293,8.188305854797363
0.000789075168967247,0.6077402089436849,1.8162767887115479,9.024419784545898
0.0002959642961621285,0.2572452140808105,1.747523546218872,8.989171266555786
0.0001990478441119194,0.21777333755493164,1.8093149662017822,8.713359355926514
0.00016789942532777785,0.19720907872517904,1.8244602680206299,6.764306306838989
