train_loss,test_loss,train_time,test_time
0.0005841732059915861,0.2339248291015625,8.283690214157104,1.503631353378296
9.151422667006651e-05,0.12321719207763672,10.11380648612976,1.8794493675231934
5.839955223103364e-05,0.09747365646362305,9.930014371871948,1.860623836517334
4.501945202549299e-05,0.07639796829223633,9.700619220733643,1.8522660732269287
3.688330048074325e-05,0.062190289306640625,10.321939945220947,1.8312077522277832
