train_loss,test_loss,train_time,test_time
0.0005609716802835465,0.2440896774291992,9.259135961532593,1.769080400466919
0.00010079033200939497,0.1510367835998535,8.569645166397095,1.7257630825042725
6.813288256525993e-05,0.08045341491699219,10.697556495666504,1.8958241939544678
5.1139523213108384e-05,0.06980102195739746,10.271528244018555,1.7596638202667236
4.373404880364736e-05,0.05786169662475586,9.399139881134033,1.7711422443389893
