train_loss,test_loss,train_time,test_time
0.002300764407834504,0.033819875717163085,13.263878107070923,1.9294891357421875
