train_loss,test_loss,train_time,test_time
0.0023248814474713677,0.03260084133148193,12.907076358795166,1.9158565998077393
0.0005915142215895078,0.033091802024841306,13.87306523323059,1.8402056694030762
0.0003484189592839054,0.024788070106506348,13.35579538345337,1.8401951789855957
0.00021736529973131837,0.025366892623901367,13.569684267044067,1.8183696269989014
0.00013772719870074374,0.023358285808563233,13.159335374832153,1.851660966873169
