train_loss,test_loss,train_time,test_time
0.002326722847819716,0.03732220458984375,20.449042320251465,2.7927005290985107
