train_loss,test_loss,train_time,test_time
0.0020077630400657655,1.3900750571568807,2.113834857940674,12.8960542678833
0.000795297572016716,0.5942468081792196,1.8667805194854736,13.313711881637573
0.0002939382776618004,0.2572823894659678,1.831650972366333,13.05122685432434
0.00019940220266580582,0.2181664757410685,1.810180902481079,13.382129907608032
0.00016820526719093322,0.19736886549989383,2.15275502204895,13.078151941299438
