train_loss,test_loss,train_time,test_time
0.0018933492183685302,1.2940455973307292,1.978701114654541,13.001927852630615
0.0007524022340774536,0.4439425479253133,1.744661569595337,13.248565673828125
0.000316129706799984,0.2382360345919927,1.8200037479400635,13.276158094406128
0.00023200327903032304,0.19954869670470557,1.8581948280334473,13.000165462493896
0.00019248331785202025,0.1815473916053772,1.9120168685913086,13.229040622711182
