train_loss,test_loss,train_time,test_time
0.001996781661832938,0.030942292785644532,12.387762308120728,1.8683934211730957
0.00043493284083536614,0.02970839099884033,13.221604347229004,1.8821682929992676
0.0002105671092898774,0.02629035568237305,12.994145631790161,1.8724980354309082
0.00010746264442558792,0.025581852436065675,13.666862487792969,1.920163869857788
6.142096357404132e-05,0.023755235862731934,13.458452224731445,1.8472480773925781
