train_loss,test_loss,train_time,test_time
0.002337512667818616,0.03408004264831543,12.836232423782349,1.8875539302825928
0.0006118568051380862,0.03322368564605713,13.411301851272583,1.8707709312438965
0.0003577950444757638,0.022914573955535887,13.113476514816284,1.8366844654083252
0.00022537815930612245,0.024782079887390136,13.180424213409424,1.9100189208984375
0.0001474169777556199,0.02313358211517334,13.558435678482056,1.8509790897369385
