train_loss,test_loss,train_time,test_time
0.0005032623385389646,0.20365169372558595,8.04621148109436,1.7849147319793701
0.00012332202817002933,0.0971690559387207,8.628081560134888,1.813403844833374
7.620251998305321e-05,0.07704350128173829,8.17598032951355,1.8469350337982178
6.478704499701659e-05,0.08442043914794922,8.77313780784607,1.191981315612793
5.385116624335448e-05,0.06330417289733886,7.592227935791016,1.8026392459869385
